ip_address,City
22.38.234.59,Frederiksberg
109.199.194.238,Tarczyn
189.71.106.67,Cibunut
6.187.36.19,Oyo
9.38.184.157,Cakran
50.138.124.191,Pudoc
228.154.168.67,Šumice
45.79.42.234,Kalodzishchy
202.92.169.136,Fresno
92.102.100.213,Khiliomódhi
177.61.48.148,Vsevolozhsk
101.166.43.197,Hod HaSharon
57.145.182.153,Sila
131.184.125.171,Tidaholm
27.194.98.96,Oliveira de Baixo
170.24.113.82,Liuhao
168.218.241.115,Osório
237.145.81.213,Wolomarang
240.214.123.37,Hołoby
30.3.88.230,Vári
192.163.55.72,Cincinnati
172.73.52.124,Calimita
233.246.166.56,Sitovo
103.75.49.193,Liangshuihe
153.185.235.67,Gununganyartambak Tengah
59.79.29.99,Maguling
229.156.131.247,Gadzhiyevo
234.32.181.41,Zarechnyy
236.204.90.76,Liukou
17.163.72.94,Longsheng
235.97.128.200,Dazuo
11.169.141.96,Abū Zabad
90.123.83.27,Trail
0.179.16.126,Efeng
185.54.158.181,Yuanyang
91.172.63.122,Liquica
162.148.88.49,
121.96.158.83,Taishihe
48.166.205.81,Gotse Delchev
251.170.88.134,Čejkovice
219.30.49.90,Lérida
160.134.193.133,Rancageneng Satu
227.232.192.232,Oklahoma City
6.211.221.215,
15.83.237.236,Holice
252.161.156.5,Tangwang
233.196.3.210,Masty
152.49.130.27,Bajos de Haina
182.40.210.35,Khŭjand
208.9.114.215,Ekou
232.91.192.130,Huangludian
104.27.76.50,Yuanping
192.138.144.117,Toledo
87.121.34.173,Stockholm
96.164.15.158,Xihu
157.163.8.53,Ipoh
82.62.126.233,Novozavedennoye
202.118.99.136,Yangliu
179.117.238.243,
56.113.96.174,Planovskoye
223.39.74.21,Pont-Audemer
221.186.163.235,Arcossó
34.116.171.226,Dal’nerechensk
115.26.38.47,Tamatam
106.72.55.144,Komga
78.42.253.48,Canta
174.155.138.131,Tsul-Ulaan
194.237.12.88,Sumisip
141.177.237.227,Fengjiang
109.223.39.120,Teberda
129.174.248.191,Qal‘ah-ye Shāhī
65.34.254.149,Cibitung
70.117.163.133,San Marcos
1.6.30.216,Santo Estêvão
248.29.180.63,Pasirmanggu
98.215.105.80,Kanoni
34.129.201.17,Rizhao
58.16.26.215,Na Yung
218.138.119.64,Guadalupe
59.109.252.159,Krasnyy Gulyay
38.99.126.203,Wierzbica
47.147.193.243,Córdoba
237.196.93.235,Orikum
254.213.220.254,Grojec
102.90.67.176,Tortosa
9.219.14.143,Tampere
70.97.37.183,Jiancha
86.194.105.242,Dampek
112.206.15.0,Chicago
113.188.128.183,
196.99.67.107,Jamaica
166.107.79.31,Hekou
16.48.105.219,Caruaru
26.206.41.130,Dukhovnitskoye
67.131.177.19,Jayapura
51.179.24.211,Rafaḩ
157.75.201.187,Badou
93.31.10.245,Srbinovo
187.146.9.15,Sinjār
162.49.118.80,Brades
17.3.54.57,Oslo
69.175.132.104,Kurunegala
135.139.182.86,Sydney
154.141.121.151,Río Blanco
76.94.183.96,Paoua
60.29.169.129,Yasnogorsk
127.86.73.111,Malgobek
86.112.155.253,Intipucá
208.103.230.199,Ovruch
18.84.166.24,Bansko
36.51.3.189,Tuqiao
4.58.126.82,Göteborg
158.4.234.149,Perrelos
169.146.19.126,Xinji
124.62.151.93,Ejidal
54.66.210.203,Cauayan
117.41.245.108,Sattahip
96.103.203.38,Mao
254.161.129.28,Oxapampa
119.14.9.235,San Miguel
197.26.201.80,Vista Hermosa
203.248.164.186,Baranoa
219.114.41.57,Boca Suno
177.108.180.144,Carlos Casares
90.194.5.109,Ishinomaki
191.66.10.94,Florida
119.58.201.223,Dalsjöfors
213.179.211.183,Caotang
75.159.214.213,Pristina
104.57.207.178,Derbent
206.237.202.46,Bromma
77.116.22.210,Pochayiv
36.176.161.125,Daugavpils
123.217.224.236,Marly
98.141.210.186,
247.146.200.151,Karinë
147.77.106.254,Bagratashen
216.3.208.77,Néa Karyá
130.45.90.144,Orekhovo-Borisovo Severnoye
47.245.136.67,Rocky Mountain House
229.196.179.90,Zhanping
53.238.200.155,Dongxin
211.126.94.240,Entre Rios
36.250.164.5,Santiago de los Caballeros
215.85.71.4,Ra-ngae
43.79.17.112,Huanchaco
202.23.139.12,Gupakan
41.111.24.138,Xuanhua
71.159.14.79,Maño
146.169.6.233,Saint-Maur-des-Fossés
196.247.135.125,Hobonio
96.118.55.124,Huddinge
185.119.193.44,Iúna
155.171.37.207,Delgado
163.54.66.154,Quince Mil
53.92.120.80,Lemery
148.21.255.101,Khon Buri
122.18.237.175,Goshogawara
90.196.149.246,Khān Yūnis
139.79.125.103,Banja Luka
106.196.61.229,Brovary
251.214.44.186,Garibaldi
158.186.248.0,Kardhiq
193.108.245.65,Corral de Bustos
146.34.11.65,
68.228.39.117,Rudka
46.142.120.105,Ouégoa
234.134.166.115,Baozhu
80.135.79.177,Norak
228.159.12.179,Skiáthos
157.8.253.78,Shchelkovo
150.254.205.226,
218.251.217.151,Borovikha
147.40.80.81,Aimorés
68.185.62.10,Sieroszewice
29.250.45.62,Ordzhonikidzevskiy
210.160.183.64,Tianzhen
31.13.122.209,Elias Fausto
89.60.193.132,Heishan
244.252.9.166,Arísvi
39.147.233.106,Mitsuke
235.224.45.59,Dallas
11.195.95.104,Río
168.158.125.27,Qaţanah
242.31.146.48,Saint Petersburg
40.165.100.21,Naushki
215.78.249.89,Yuhuangding
251.214.182.35,Cesvaine
76.111.94.76,El Rincón
18.134.201.35,Bus’k
94.194.226.157,Albion
35.29.136.243,Severomorsk
120.248.153.227,Pitai
197.119.132.120,Sotíra
188.60.21.37,Kertosari
51.58.52.198,Sehwān
15.234.54.175,Itupiranga
158.179.9.2,Liuzhou
26.202.58.71,Mporokoso
250.214.126.82,Huacapampa
205.71.126.141,Sahline
32.243.230.146,Las Heras
95.63.110.179,Birmingham
246.36.142.138,Ngamba
62.137.227.50,Barretos
200.87.237.196,Matang
132.107.83.89,Longsheng
14.173.245.168,Kingsey Falls
90.154.49.146,Sanguansi
145.32.139.92,Turmi
230.199.100.226,Mestre
161.178.105.128,Mangxing
222.94.148.56,Kusheriki
48.149.136.225,Nantes
167.232.15.50,Longtou
203.237.24.248,Faraulep
64.122.43.130,Pasirtujuhpuluh
28.80.54.122,La Eduvigis
58.64.44.71,Kiltamagh
252.165.233.34,
1.105.252.163,Voznesen’ye
185.106.41.131,Katunayaka
51.211.3.50,Maradi
50.240.9.121,Turośń Kościelna
125.92.241.228,Ia Kha
158.177.139.55,Purorejo
67.25.93.185,Blon’
167.185.56.27,Stakhanov
110.183.89.193,Arcossó
176.70.2.57,Cataguases
143.97.217.217,Stockholm
197.71.186.185,Panoongan
56.117.54.66,Pampa de los Guanacos
32.177.243.139,Lelystad
138.252.150.189,Koina
112.149.209.187,Täby
156.103.212.32,Desa Gegempalan
98.233.169.135,Rupe
200.13.1.222,Baler Baleagung
60.18.108.237,Jiaocheng
234.192.101.120,Kizema
253.253.59.222,Tomé
23.6.218.17,Cangkuang
14.48.204.77,
7.97.166.25,Picoto
111.195.226.60,Kilifi
46.197.214.210,Loanda
55.184.232.166,Danyang
200.47.128.33,Bouaflé
100.16.131.150,Yushan
176.135.10.83,Mahalapye
241.104.68.127,Shuiquan
236.47.94.189,Tougan
40.68.109.12,Estacion
173.245.3.210,Fonte de Angeão
41.81.63.23,Kurayoshi
70.58.216.26,Duqiong
188.145.99.246,Varoška Rijeka
7.123.121.250,Severoural’sk
142.78.174.197,Jeziora Wielkie
129.78.174.131,Rio Piracicaba
120.151.191.192,Shuangpu
169.48.161.183,Falënki
20.232.243.73,
60.247.213.153,Mindyak
189.40.74.57,Xuguang
166.179.255.178,
35.16.98.181,Bryukhovetskaya
196.6.22.4,Duri
204.224.110.51,Cergy-Pontoise
42.152.130.12,Saint Louis
215.161.168.56,Usogorsk
254.38.249.81,Gravataí
245.103.46.213,Fangfan
71.114.133.228,Jayune
168.99.107.29,Maracás
193.255.96.77,Comitancillo
148.249.121.186,Romny
20.90.157.2,Tours
215.229.221.177,
226.224.150.128,Uyutne
137.11.223.36,Barrhead
115.194.216.142,Siliana
95.115.206.149,Cherëmushki
94.117.163.251,Samashki
16.197.49.217,Dolní Rychnov
225.104.235.67,Safonovo
208.231.29.173,Huyuan
68.35.237.29,Xinmin
92.213.139.143,
217.135.171.29,Lyubertsy
194.132.155.138,Bontang Baru
249.128.182.19,Richmond
220.122.12.191,Lille
132.248.168.53,Manhan
109.34.18.54,Freixo de Numão
2.63.99.183,Älvsjö
161.154.242.26,Lope de Vega
46.52.51.67,Lucas
242.71.201.78,Minami-rinkan
79.238.210.157,Rubirizi
116.236.126.42,Banyo
51.225.129.67,Pathum Thani
145.91.186.34,Arras
187.96.127.143,Annotto Bay
253.105.207.104,Xinquan
7.148.139.43,Makale
114.119.204.142,Al ‘Alamayn
180.43.135.242,Al Fandaqūmīyah
17.50.118.121,Haramgai
204.1.9.49,Vozuća
222.1.254.175,Daciyao
162.189.62.124,Santa Anita
72.38.191.1,Bekwai
41.194.190.10,Banyue
223.53.142.192,Yintang
209.36.48.108,Ashgabat
216.19.187.48,Kriel
21.151.4.108,La Soledad
175.39.135.196,Oklahoma City
102.218.11.47,Ulan Hua
210.7.7.172,Bobowa
251.171.211.110,Luodong
57.66.138.222,
227.76.79.159,Yanjiang
124.11.106.7,Livorno
236.144.150.201,Turbaco
121.255.164.200,Nurmijärvi
209.42.141.29,El Hatillo
56.65.226.146,Żarów
112.139.123.96,Chicago
20.239.218.74,Matinao
92.174.203.79,Ombarade
109.146.43.159,Aqtoghay
37.146.106.1,Esik
61.60.255.136,Clarin
212.74.36.16,Amiens
148.78.194.137,Ganfang
234.236.123.108,
53.229.180.244,Kudahuvadhoo
142.170.25.112,Pasirnangka
124.147.63.130,Non Sung
93.150.63.244,Patulul
199.195.55.37,Shizuishan
217.85.76.90,Tinumpuk
250.166.42.147,Changqi
145.230.188.217,Tyazhinskiy
245.89.85.196,Mashi
162.169.41.51,Le Mans
47.221.30.154,Santa Cruz de Yojoa
58.30.224.252,Baoshan
181.82.252.217,Jaguariúna
198.8.168.229,Yizhivtsi
140.128.125.32,Krasnofarfornyy
33.9.3.221,Linköping
104.71.185.17,Changsha
128.132.249.232,Duogongma
206.134.176.208,San Marcos
253.41.13.154,Nagoselo do Douro
67.134.75.226,Quanjiang
122.238.99.243,
147.136.122.35,Pedro Santana
151.101.171.125,Boto
255.156.125.137,Billings
103.122.138.184,Casa Nova
157.200.206.79,Korczyna
245.80.60.94,
101.140.227.223,Tangyin
161.176.69.154,Pomacanchi
170.37.42.81,Padre Bernardo
243.54.171.98,Gislaved
206.140.87.132,Chojnice
124.189.251.40,Vostochnoe Degunino
201.111.128.85,Plumtree
55.4.178.154,Kumbo
145.233.150.197,Timba Timuk
33.243.236.127,Tasikmalaya
131.184.80.174,Dongfeng
140.40.41.23,Lubenec
46.172.6.206,Sabanalarga
182.68.254.160,Ribeirão Pires
72.8.87.254,Rinconada
232.183.183.88,Wutong
80.172.109.67,Bagahanlad
28.174.215.166,Freixo de Numão
35.71.109.162,Doumé
69.120.22.113,Baruunsuu
250.203.206.242,Ruda-Huta
98.69.1.138,Uppsala
91.99.200.156,Itagüí
163.21.212.135,Bobowa
222.238.45.62,Arenal
220.38.73.229,Cerna
201.227.89.244,Nan’an
206.167.26.109,Hekou
11.43.142.253,Cinangsih Satu
60.206.86.45,Moro
201.19.18.45,Xinmatou
115.33.203.92,Bolgar
3.156.227.200,Pujilí
228.238.4.93,Srpska Crnja
216.84.5.107,Sai’erlong Xiang
39.17.34.150,La Paz
86.234.231.58,Rentian
135.179.173.62,Flin Flon
107.223.158.97,Matiompong
209.46.83.157,Jiaqiao
107.29.241.179,San Alberto
6.166.54.78,San Basilio
239.229.178.217,Újezd
145.206.2.18,Philadelphia
124.81.212.4,Magangué
208.167.199.245,Karpogory
8.160.223.191,Byala Slatina
172.120.88.153,Maltahöhe
27.89.248.217,Liangzeng
53.189.136.140,Jiangyan
54.97.126.223,Sumuragung
215.90.180.11,Shishang
209.80.34.143,Lyon
5.5.32.104,Marsaxlokk
246.103.32.93,Yashikera
236.255.50.227,San Diego
223.148.188.111,Sukamulia
115.107.194.99,Olavarría
152.8.172.177,Quixeramobim
13.26.166.155,Linpu
19.127.146.23,Toulon
44.122.73.121,Nanterre
30.141.1.79,
43.93.208.210,Shihudang
231.201.203.51,Bodø
110.15.11.35,Ayapel
41.242.222.29,Xiangshan
49.198.151.231,Sergiyev Posad
184.97.218.128,Kokotów
245.183.252.49,Coronel Vivida
0.83.184.86,Tulay na Lupa
222.99.43.209,Pavia
152.46.122.221,Eybens
15.164.251.18,Vihāri
105.221.136.12,Haparanda
14.168.233.131,Quwaysinā
72.206.65.33,Gobernador Gálvez
142.45.39.207,Évry
79.140.211.191,Bajomulyo
215.223.183.0,Hadāli
23.33.254.1,Addiet Canna
144.113.14.66,Tiemen
72.182.181.90,Barrancas
168.141.129.109,Calachuchi
63.189.176.242,Alkmaar
178.143.54.104,Mangli
58.69.249.124,Norman Wells
242.101.215.53,Hluboká nad Vltavou
188.190.116.182,Apiaí
192.26.9.196,
171.161.192.37,Langkap
35.93.241.224,Padang
57.80.184.179,Aguachica
200.124.3.207,Praia
51.207.151.238,Lubuagan
139.163.117.122,Guanghai
56.111.216.56,Yeşilköy
50.72.202.216,Oslo
86.27.254.10,Zopilotepe
86.60.242.125,Aganan
102.70.241.177,Pau
191.127.42.221,Sangari
247.209.142.6,Cầu Gồ
9.19.106.13,Guang’an
120.120.80.33,Xiangfu
224.237.110.16,Kanashevo
74.109.221.248,Whitehorse
88.162.37.194,Mosteiro
182.177.210.128,Bochum
232.236.150.168,Banjar Sambangan
118.236.50.193,Santa Fe
53.139.142.219,Oujda
116.223.13.80,Jindui
148.160.27.159,Zibu
135.7.133.80,Göteborg
229.108.237.156,Cipanas
232.209.165.116,Uren’
255.234.81.31,Sfax
100.116.234.46,Tegalgunung
117.64.48.137,Kurye
98.97.77.57,Talisay
127.46.86.181,Sātkania
10.235.133.55,Cikadondongdesa
15.212.22.217,Tourcoing
52.230.158.146,Margara
212.162.217.12,Sophia Antipolis
217.193.51.116,Paobulan
85.12.210.224,Oeoh
71.87.237.104,Caluire-et-Cuire
199.223.240.220,La Valette-du-Var
255.231.192.22,Bibirevo
44.207.234.70,Pakemitan Dua
8.2.26.190,Young America
75.185.193.152,Ban Lam Luk Ka
247.130.216.56,Yashan
84.140.238.148,Lian
116.111.82.5,Tiaodeng
145.19.124.165,Petro-Slavyanka
214.178.77.113,Tangjian
79.107.128.60,Donetsk
108.220.209.65,Yakovlevo
245.209.84.244,Dourbali
250.150.199.52,Sambongmulyo
152.154.76.121,Marull
128.212.90.232,Krajan Timur Mlokorejo
143.187.173.199,Delgermörön
93.52.211.234,Nerópolis
102.47.116.131,Dhanot
186.65.79.200,Rumoi
216.65.193.16,Istaravshan
6.193.205.30,Iporã
218.2.153.127,Duanjia
231.90.75.186,Cartagena
34.129.222.52,Tenri
245.68.115.136,Santander de Quilichao
226.170.145.180,Krajan Sumberanget
155.242.200.82,Jimaguayú
229.70.78.208,Tzaneen
162.130.40.224,Malakand
123.217.221.196,Sebu
126.42.217.230,Maojia
201.248.196.76,Peteranec
253.247.29.47,Qingdao
67.111.139.208,Renhe
136.227.107.253,Dongsheng
86.163.43.244,Bago
210.155.33.49,Anopog
34.235.189.57,Soanindrariny
93.26.244.209,Monze
35.87.178.105,Yeroẖam
5.111.112.4,Severo-Yeniseyskiy
153.115.110.218,Srinjine
11.154.18.255,Rinbung
187.78.124.109,San Miguel
170.2.140.180,Sankeng
11.8.103.180,Yayva
184.232.83.110,Kåge
201.161.245.190,Shuanghe
190.178.43.211,Huochang
109.36.58.17,
123.127.130.172,Jincheng
205.93.166.250,Tata
3.107.48.20,Budzów
224.216.240.194,La Mula
49.252.139.195,Wisznice
182.246.27.88,Kedungwringin
90.252.25.123,Inđija
29.75.159.30,Qijiang
84.11.139.101,Danyang
95.222.215.3,Aráchova
201.34.36.237,Oslo
214.177.116.0,Mombaça
43.196.249.156,Isfahan
77.3.104.220,Prudentópolis
117.147.61.239,Biga
223.134.38.191,Przelewice
90.61.236.37,Cabatuan
216.70.52.69,Kertorejo
106.68.5.152,Sada
145.147.8.149,Wageningen
9.6.153.150,Karolinka
86.41.141.200,Skidal’
115.145.6.142,Ban Huai Thalaeng
88.194.130.96,Alhos Vedros
128.233.30.220,Araripina
135.47.115.193,Baiba
215.80.2.144,Hai’an
200.220.176.193,Töysä
41.18.251.196,Duodaoshi
36.210.78.236,
42.179.159.252,Liukou
163.169.81.230,Espírito Santo do Pinhal
231.36.141.12,Heyou
47.225.45.21,Acajutla
219.88.206.6,Takeo
187.172.21.95,Cikiruh
22.140.141.220,Tallahassee
19.187.63.154,Karangagung Timur
120.114.193.155,Birni N Konni
152.196.74.104,Boticas
144.100.74.165,Umabay
150.127.250.179,Sophia Antipolis
87.10.163.99,Västerås
248.30.216.108,Majur
36.179.109.171,Kainantu
205.123.82.150,Sherpur
18.200.96.177,Santa Lucia
105.15.198.235,Zhenzhushan
164.54.128.192,Dulangan
68.137.244.152,Nueva Imperial
136.167.104.173,Porto Calvo
39.57.124.102,Eloúnda
127.90.252.88,Zamora
157.139.144.160,Yasenskaya
166.138.98.122,Cavalões
233.181.52.117,Ponta Delgada
155.212.62.119,Las Carreras
100.189.210.208,Qinjia
113.230.139.212,Hepu
211.59.156.193,Balangpule
87.233.123.156,Fundong
58.168.56.239,Telouet
147.6.159.101,Xuanzhou
248.116.234.1,
71.132.163.159,Bantay
7.250.57.122,Cucuyagua
163.88.89.210,Fengle
142.249.160.193,Thị Trấn Mường Khến
23.99.251.91,Huanoquite
65.248.45.27,Annonay
172.238.204.142,Valenciennes
235.174.68.80,Jiazi
230.58.217.172,Lukou
95.226.114.45,Cosquín
42.72.14.36,Reguenga
211.240.106.170,Zhongcheng
64.94.77.117,Poddębice
254.236.59.182,Wuyanquan
33.244.43.148,Mandaluyong City
106.24.18.130,
20.57.171.142,Yŏnan-ŭp
138.198.42.37,Kanigorokrajan
145.237.63.97,Rechka
203.107.42.166,Tulusmulyo
37.238.111.248,Shalinskoye
67.90.81.229,Sukasari
89.13.90.14,Matiompong
163.113.7.157,Regulice
114.240.18.204,Ngaoundéré
59.218.158.117,Uppsala
184.183.190.154,Sobral
58.57.76.104,Melres
130.183.13.210,Sidaohezi
117.33.163.21,Söderhamn
155.168.33.104,Tromsø
47.17.58.98,Waterloo
20.11.57.88,Wulan
72.199.112.254,Cran-Gevrier
209.15.112.185,Manisi
213.123.37.255,Guadalupe
141.50.120.238,Tres Isletas
129.114.116.130,Trélissac
239.109.187.201,Saguiaran
234.76.80.31,
102.62.96.158,Murowana Goślina
210.165.111.117,Shuiyang
27.185.130.120,Soio
91.57.20.195,Tīkāpur
2.46.222.211,Tianyi
174.251.206.232,Loutráki
128.13.54.10,Gitega
220.122.40.7,Santa Catarina Ixtahuacán
47.20.234.27,Looc
71.167.122.220,Embu Guaçu
244.211.67.5,Bocaiúva
161.126.73.51,Zhaodong
6.14.7.215,Uyskoye
182.191.116.194,Khun Han
175.77.190.19,Néa Vrasná
163.31.253.135,Oliveira
253.57.60.53,Niedercorn
240.4.83.211,Meilisi
71.53.9.67,Karangnunggal
93.213.125.110,
231.64.161.233,Dolní Lhota
216.202.102.6,Petung
160.55.242.156,Picton
196.202.54.84,Christiana
124.222.201.137,London
223.104.119.206,Saverne
134.237.195.178,Qiaotou
49.20.45.239,Parion
76.255.26.253,
136.247.116.210,Torreira
62.91.182.215,Grazhdanka
105.206.121.86,Campo
38.227.14.93,Jäppilä
228.145.156.104,Kyzylorda
208.58.105.192,La Palma
112.190.73.43,Genting
5.141.133.190,Dongshi
61.73.99.196,Wińsko
155.122.165.117,Madala
133.221.145.184,Eséka
72.126.7.134,Peskovka
219.42.246.152,Zhangjiachang
128.107.177.97,Zhangpu
48.161.23.39,Novi Karlovci
163.21.244.43,Qā’en
52.4.152.166,El Carmen
86.78.216.40,Mazongshan
210.200.55.72,Jalinan
245.176.139.94,San Pedro
149.187.33.220,Mysove
186.209.89.47,Karangsono
208.147.74.58,Hexi
227.23.111.14,Krasnoznamensk
211.145.132.250,Obispos
184.189.227.247,Beraim
247.76.233.164,Kissidougou
228.27.117.192,Leon
45.38.196.229,Taunoa
246.114.119.14,Lingbei
29.42.228.130,Kabīrwāla
127.110.145.66,
187.34.117.99,Dalupirip
197.99.29.46,Portela
202.186.127.14,Nieuwegein
21.200.121.172,Jiancha
68.197.81.246,Oslo
241.252.46.102,Mirzāpur
50.129.3.117,Vilhena
73.94.183.87,Linköping
5.186.148.219,Paquera
6.252.144.97,Chrząstowice
202.55.6.20,Ibeto
181.181.107.123,Hoeyang
67.97.137.145,Moncton
29.108.16.16,Dongcun
173.98.40.46,Rancabuaya
148.225.196.47,Pidvolochys’k
38.70.35.71,Osilnica
202.99.89.185,Laojiangjunjie
12.100.51.159,Bellavista
221.162.246.6,Gennevilliers
233.43.108.229,Ban Kruat
52.234.232.159,Parobé
128.0.151.28,Carapelhos
74.121.127.6,Hegeng
186.46.150.13,Al Khārijah
249.86.141.46,Manturovo
225.233.243.108,Kampungbaru
115.77.83.157,Jiazhuyuan
208.236.250.218,Gostyń
1.75.177.43,Poja Nae
44.36.105.217,Impendle
102.28.171.143,Bafia
233.140.178.156,Vila Nova
165.119.50.152,Nikolina Gora
71.20.43.43,Hannover
18.132.106.29,New Washington
103.159.153.249,Meylan
227.244.59.131,Brignoles
229.22.50.64,
24.66.232.96,Malambo
213.29.204.185,Pasirmadang
215.177.104.233,Zaslawye
80.178.219.171,Refojos
110.132.99.177,Saidpur
52.161.150.212,Chibombo
124.166.139.9,Independencia
76.34.177.167,Pushkino
203.101.117.73,Martapura
116.191.201.149,Lipovci
218.81.165.206,Lintaca
84.104.16.96,Ikšķile
210.110.100.74,Horní Čermná
13.213.66.82,Hlybokaye
245.192.163.136,
63.114.205.173,Yujia’ao
9.137.30.77,Ribeiro
7.71.112.14,Xiaping
60.188.193.16,Lakha Nëvre
138.125.198.78,Seattle
110.165.214.124,Sanxiang
130.155.40.162,Zhanbei
93.50.48.107,Moinhos
235.180.190.47,Mê Linh
169.69.105.65,Saparua
179.0.34.28,Maliana
161.96.1.57,Ejidal
118.232.239.210,Nchelenge
196.235.227.129,Roanoke
112.189.144.153,Bajina Bašta
74.212.222.226,San Fernando Apure
222.214.96.143,Tanguá
251.255.243.246,Novalja
52.245.69.10,San Jose
9.244.213.172,Zongga
195.165.26.253,Revolucion
150.214.25.227,Daugai
139.142.29.27,Wuyang
97.63.160.158,Mianduhe
27.178.205.4,Aizkraukle
175.47.70.81,Irará
243.123.209.195,
129.55.142.29,
171.189.201.62,Muurame
138.107.28.120,5 de Mayo
241.15.163.28,Sidu
105.99.209.246,Funehikimachi-funehiki
10.239.212.123,Carepa
113.34.48.96,Shangcunba
136.174.55.113,Yeghvard
44.142.87.3,Dongbang
44.80.18.128,Pokrov
228.7.15.189,Shahumyan
79.156.224.200,Xiachengzi
98.91.141.173,L'Épiphanie
226.235.160.151,Cukalat
51.100.57.251,Bogo
231.154.17.106,Czerwionka-Leszczyny
192.190.3.88,Sitiarjo
134.178.205.204,Chatou
7.242.66.64,Shangyi
26.66.16.7,Xue’an
57.112.6.113,Esquel
37.77.61.0,Hengpi
113.14.150.67,Diamantino
122.216.255.6,Lapi
9.199.82.83,São João
192.108.61.0,Silago
50.129.72.221,San Buenaventura
118.132.153.27,
232.245.159.205,Novosin’kovo
48.164.120.175,Río Alejandro
249.19.149.32,Qŭrghonteppa
234.233.66.178,San Juan Atitán
130.225.112.237,Havirga
77.131.32.5,Chimbas
40.69.233.84,Drammen
129.79.237.218,Pasuruan
214.32.205.115,Manoc-Manoc
134.1.106.132,Canhas
7.85.142.210,Xitianwei
31.95.174.196,Cañuelas
172.20.184.58,Silva Jardim
195.28.244.243,Bagé
123.42.17.151,Qijiang
193.38.49.216,Yunshan
98.156.33.47,Tapan
102.8.14.185,Sulengwaseng
176.91.71.49,Santo Niño
95.41.156.226,Denver
184.20.49.200,Nanyo
96.92.240.182,Geneina
126.228.211.228,Zhongtai
149.88.191.74,Beiqi
208.40.144.203,Umabay
46.154.19.30,Amancio
141.140.233.141,Orillia
207.132.62.48,Lagawe
110.155.191.223,Arevashogh
4.162.110.247,Oepula
36.40.146.154,Lewoduli
43.42.238.254,Gulai
90.103.228.236,Outeirô
139.95.189.145,Dengfeng
215.59.208.35,Pakokku
203.163.33.215,Dazi
225.60.231.46,Shanban
189.224.144.4,Yakymivka
148.67.237.114,Pleasant Point
160.252.255.152,Dongjin
43.19.235.130,Maputsoe
130.87.42.112,Alingsås
136.37.132.58,Delft
114.39.241.89,Svetlanovskiy
237.196.207.134,Yungay
63.196.156.194,Nová Role
80.203.175.140,Volosovo
139.29.1.163,Tawangsari
137.112.179.23,Xinjie
12.12.56.144,Nangong
199.240.202.248,Sovetskiy
199.142.45.23,Angra do Heroísmo
207.91.23.120,Matmata
172.230.16.148,Nāḩiyat Baḩār
78.139.138.98,Nkhotakota
36.8.115.92,Qinxi
13.125.201.113,Nanzhen
49.1.128.82,Kribi
101.74.161.97,Yoshkar-Ola
32.44.119.216,Shreveport
25.120.36.238,Brotas
129.235.67.91,Mafeng
149.209.10.44,Valle de Guanape
23.237.255.97,Menzel Bourguiba
167.121.46.143,Ubonratana
74.104.198.202,Lacombe
98.73.242.183,Zahedan
173.1.184.30,Luzern
42.111.29.64,Woro
216.168.95.215,Suwaluh
139.180.248.3,Maraial
129.146.95.133,Sapphaya
220.68.170.180,Kista
88.221.179.32,Payao
31.196.253.206,Staré Křečany
186.21.5.186,Gaoyao
121.113.230.13,Tucurú
215.202.142.100,
78.186.159.1,
130.117.102.21,Novokuybyshevsk
69.199.189.86,Iwakura
5.212.253.188,
109.211.107.152,Guanyinge
20.73.181.177,Bergen
12.64.255.162,Kuncen
127.64.1.231,Trondheim
15.36.46.74,Trebisht-Muçinë
88.80.111.149,Trongsa
72.236.11.169,P’asanauri
137.71.224.8,Huhe
109.168.62.0,Comendador
6.7.243.209,Maubasa
192.117.99.69,Rechitsy
55.25.249.228,Karangkancana
236.28.120.42,Guodu
34.159.252.142,Stockholm
181.119.216.112,Charlton
42.123.52.32,Kulotino
200.68.224.185,Ojo de Agua
61.173.75.41,Pagsañgahan
55.54.31.44,Hongkou
238.62.97.117,Suwatu
43.237.164.86,Shuitou
149.177.235.31,Heshengbao
32.102.87.182,Chengshan
149.188.185.100,Gromnik
106.55.194.167,Ad Dimnah
73.157.249.124,Shreveport
115.73.106.186,Dateng
30.212.89.238,Trondheim
249.224.73.70,Kedungcangkring
73.42.162.131,Ibarra
21.110.21.111,Arapiraca
79.5.147.205,Severskaya
250.144.179.211,Nowe Brzesko
20.142.194.217,Xinyang
105.79.131.196,Dobrzyca
159.231.178.71,Barras
164.136.244.175,Hesperange
90.109.236.111,Obigarm
179.66.160.218,Capilla del Monte
214.87.151.13,Hartswater
203.139.250.111,Saltpond
79.164.34.91,Banjarjo
50.81.131.129,Manna
172.255.204.112,Vanáton
92.15.178.66,Zhamog
45.237.225.221,Xujiahe
218.63.247.141,Guardizela
49.232.150.187,Patambuco
145.188.68.127,Kuala Lumpur
75.59.226.81,Guyam Malaki
145.18.23.152,Mokopane
125.195.16.86,Santo António das Areias
202.114.128.67,União dos Palmares
241.170.183.28,Polowat
109.50.85.228,Baqiao
1.14.149.147,Međa
40.33.131.17,Ed
1.122.38.242,Lampuyang
119.242.5.63,Shiyang
172.104.208.134,Beitou
40.78.159.224,Gerakaroú
93.199.33.250,Tlumach
3.110.228.64,Lesuhe
34.21.244.211,Tartaro
97.183.255.29,Labin
157.72.135.242,
12.238.75.196,Jajawai
250.133.50.16,General La Madrid
219.82.16.252,Al Jamīmah
33.185.139.171,Tsotsin-Yurt
33.95.206.161,Bay Roberts
125.10.236.197,Banqiao
241.162.11.39,Renhe
49.177.141.179,Huangchuan
20.240.102.153,Yaozhuang
97.61.232.128,Eg-Uur
5.43.171.83,Jajce
43.177.205.68,Bourges
216.244.228.124,Cirateun
187.203.29.65,Heishan
189.166.97.239,Taishanmiao
37.144.107.133,Majagual
201.104.15.204,Macheng
53.99.91.46,Oshnavīyeh
48.70.45.126,Lázně Kynžvart
85.206.149.160,Los Cóndores
35.25.154.78,Strančice
176.174.47.126,Concepción de La Vega
202.137.141.217,Gérakas
158.43.64.45,Salanegara
165.239.188.239,Jinji
191.38.215.243,Banjarkemuning
231.47.199.227,Kasamwa
230.68.6.140,Suugaant
79.218.70.114,Stockholm
128.9.132.71,Bethlehem
194.116.90.255,Sankoutang
