first_name,City,ip_address
Hi,Maastricht,179.195.62.242
Lorne,Břasy,39.128.199.149
Brooks,Ystad,190.103.140.77
Cornela,Cigalontang,215.225.38.224
Michail,Arapongas,223.233.180.221
Patti,Pattani,59.240.127.6
Kathleen,Villanueva,129.111.168.192
Ricky,Nanyang,32.24.65.152
Emelyne,Kamenka,241.64.132.54
Alyss,Al ‘Āqir,227.178.109.152
Rafaellle,Sotíra,132.133.205.75
Jolie,Shengli,211.202.177.38
Alysa,Causwagan,190.103.140.77
Leisha,Waipukang,157.151.124.244
Stephi,Baoping,94.202.95.197
Bari,Tiglauigan,177.106.10.8
Katinka,Meipu,86.2.96.174
Lenard,Bogorejo,88.251.60.186
Norma,Xingang,55.63.193.115
Michail,Xiaxindian,123.194.100.145
Erminie,Meïganga,167.180.39.220
Yevette,Bara Datu,95.201.246.218
Yank,Verkhnya Rozhanka,96.190.118.225
Julio,Ocaña,106.6.132.138
Dawn,Rutul,116.24.146.117
Jorgan,Castlemartyr,67.93.83.217
Jocelyn,Ouro Branco,249.91.159.69
Twyla,Toulouse,42.227.198.84
Brittani,Chuanxi,237.119.250.223
Devlin,Huangdimiao,155.224.138.96
Jacinda,Valenciennes,97.96.166.44
Brear,Vršac,138.226.25.11
Kassey,Mîndreşti,87.178.2.241
Conchita,Madrid,67.18.48.180
Gaby,Pankovka,120.156.94.182
Brendan,Sulkava,92.9.215.3
Alene,Narew,163.164.250.42
Adriaens,Yedun,120.183.220.147
Pattie,Łapczyca,253.128.202.80
Evelyn,Podgornoye,12.207.110.175
Gerry,Arenal,115.165.104.84
Nicole,Zwedru,48.54.166.159
Tammi,Tagbacan Ibaba,69.54.72.129
Gabriel,Huaraz,126.180.4.39
Burke,Banqiao,66.70.133.233
Min,Baolong,144.212.127.37
Dianne,Halayhayin,130.192.77.239
Miller,Tuba,55.205.108.153
Pippy,Västerås,85.241.247.118
Ursuline,Três Pontas,20.210.156.251
Randolf,Zapatero,78.27.201.196
Emmet,Sotouboua,232.21.103.62
Casar,Babakanlapang,3.159.64.61
Teodoor,Lamía,182.243.110.252
Robina,Stockholm,153.181.245.130
Chancey,Popielów,55.132.31.124
Kally,Caronoan West,87.127.247.225
Lizbeth,São Pedro de Trafaria,194.209.153.235
Gordie,Williston,42.193.128.193
Kendrick,Santa Bárbara,11.229.184.35
Ninette,Wolfville,241.192.10.93
Gaby,Bắc Kạn,250.158.171.198
Gertrud,Binzhou,31.197.30.241
Micah,Heping,11.66.255.192
Lena,Changlong,42.116.82.0
Codi,Russkiy,43.64.152.96
Nari,Binglincha,148.216.154.244
Myrtice,'s-Hertogenbosch,227.213.210.59
Ardra,Beddeng,150.237.124.137
Martyn,La Curva,66.217.192.240
Minetta,Shanghuang,205.238.211.4
Charlot,Stockholm,207.126.18.72
Geraldine,Sam Roi Yot,212.228.47.254
Othilie,Taourirt,49.77.71.43
Jackquelin,Lille,178.14.70.223
Min,Yangiqo‘rg‘on,52.244.111.45
Laure,Mohammedia,77.218.237.135
Hamish,La Palma,25.229.84.12
Griffin,Fier,233.162.40.18
Chere,Frei,222.234.34.129
Sonnnie,Orsha,104.73.245.231
Vernon,Tapilon,33.17.114.19
Errick,Cabalawan,240.248.191.72
Perry,L'Aigle,188.215.211.55
Rhody,Shuigou,227.150.133.23
Arlyn,Tiznit,12.76.31.185
Tani,Blagoevgrad,115.149.248.174
Alfi,Skutskär,75.83.134.238
Whitney,Fais,6.30.0.182
Guglielmo,Palanas,11.223.205.95
Vally,Basel,172.107.80.243
Herbert,Zhoukou,39.211.214.56
Zelda,Pirot,151.213.184.124
Fanchette,Chur,134.165.149.218
Warden,Göteborg,71.1.56.139
Ivy,Ciudad del Este,123.146.191.99
Auberta,La Escondida,188.182.244.224
Katine,Macklin,197.116.94.29
Basilius,Bom Despacho,192.168.189.213
Orlando,Yonghe,194.177.117.254
Worden,Basyūn,58.244.187.65
Geri,Piotrków Trybunalski,51.108.69.157
Xerxes,Flandes,114.54.89.114
Erena,Vestmanna,13.104.142.100
De witt,Tall Ḩamīs,179.23.43.154
Omar,Cuamba,11.28.81.62
Annabela,Santiago del Estero,234.40.3.188
Calley,Santa Rita,202.78.224.1
Kailey,Pasembon,172.174.25.184
Gregor,La Uvita,255.57.84.53
Dalton,Kuala Terengganu,235.217.226.154
Latisha,Dalonghua,48.140.87.34
Federico,Cajicá,175.121.76.235
Rey,Daliang,186.128.2.32
Berty,Río Grande,51.213.86.103
Heddie,Rönninge,164.14.3.10
Woodman,Sykiés,14.67.143.132
Jodee,Lungmar,102.185.143.71
Mickie,Longshi,206.189.219.237
Conney,Zama,46.197.213.50
Melva,Tuti,254.230.102.253
Coreen,Portland,28.99.57.7
Audie,Sepulu,80.139.3.189
Jayne,Balsas,149.33.54.9
Maure,Rączna,197.35.45.115
Timmie,Eastern Suburbs Mc,26.229.171.18
Murry,Osypenko,84.155.148.75
Rowney,Al Ḩudaydah,74.204.207.220
Bary,Cimanggu,136.104.144.248
Odetta,Dankalwa,29.29.122.160
Koressa,Magistral’nyy,176.187.255.6
Millard,Cihaladan,167.18.62.28
Reyna,Sapphaya,39.68.47.107
Gratiana,Ash Shāmīyah,203.203.182.74
Anastassia,Ulset,32.113.122.127
Jacki,Gibsons,51.138.53.176
Joye,Saparbay,251.71.94.138
Lolly,Youguzhuang,176.45.237.200
Nichole,Sabi,67.175.160.134
Stephanus,Mandesan,161.115.250.219
Marcella,Beiping,16.52.172.161
Sallyann,Hwangju-ŭp,160.100.51.244
Derick,Yaransk,193.136.21.245
Rolph,Binjiang,169.184.119.148
Ernestus,Port Maria,228.253.119.172
Barbabas,Alenquer,146.206.160.88
Kerwin,Chunoyar,233.219.242.92
Sher,Bayān,24.253.134.122
Arvy,Zaječov,34.243.59.57
Leonid,Embarcación,15.2.237.220
Dido,Martigues,212.140.100.188
Mick,Sempol,91.188.61.74
Maurice,Zhvanets,162.229.33.83
Ferdie,Nova Granada,142.54.199.61
Frayda,Toong,109.54.24.86
Tabbi,San Roque,127.120.138.227
Cosme,Nuasepu,195.51.41.136
Kelcie,Portland,217.11.21.104
Astrix,Basa,23.132.62.252
Murvyn,Singkup,156.128.131.95
Smitty,Chuanpu,173.120.113.158
Merrilee,Bandeirantes,104.31.182.110
Donal,Al Mawşil al Jadīdah,31.234.156.227
Brandy,Kuala Baru,20.232.42.133
Morgun,Karangpapak,142.28.224.251
Wolf,Höshigiyn-Ar,74.27.199.217
Kendre,Lyon,35.90.36.54
Cleve,Västerås,2.216.128.33
Kristi,Thị Trấn Na Hang,12.139.22.177
Temple,Dulce Nombre,151.112.101.72
Melvin,Bellavista,80.40.226.33
Ashbey,Sukadana,175.133.190.66
Darrell,Iwanuma,86.177.34.101
Milt,Sausa,101.92.93.3
Antonetta,Debelets,134.60.253.179
Aleta,Bamban,72.18.197.228
Sharleen,Ceelbuur,121.212.1.82
Myrle,An Châu,28.20.63.181
Laird,Hongjia,68.22.86.161
Rupert,Tibillo,88.206.71.223
Johnath,Nan,4.5.47.161
Lenci,Tutong,130.156.18.117
Mark,Taverny,10.136.234.172
Garth,Viradouro,4.149.237.227
Glenn,Jurak Lao’,65.110.114.75
Aurelie,Lengshuijing,89.203.185.109
Jonah,Gandusari,66.145.18.81
Stillman,Lantapan,233.2.74.117
Giff,Ijero-Ekiti,41.247.74.148
Moselle,Kula,201.136.255.25
Teodorico,Santa Catarina Barahona,211.238.219.86
Marci,Krajan Keboromo,139.7.236.82
Nathaniel,Sarov,249.165.99.255
Stearne,San Ricardo,78.93.152.32
Abe,Cruz,180.154.162.130
Dulcie,Tabuaço,130.163.95.116
Rasla,Krasnystaw,234.125.198.101
Thibaud,Rancabugel,124.94.211.52
Maddie,Severskaya,183.208.56.56
Berrie,Nantes,59.4.45.195
Darelle,Fosses,113.110.227.196
Tyler,Khovaling,146.53.211.143
Hyman,Qiryat Shemona,156.42.64.198
Jasen,Kalepasan,3.47.157.176
Phelia,Juiz de Fora,166.53.47.175
Augusta,Dalar,24.222.52.110
Joshia,Cabog,211.254.183.205
Addy,Yinjiang,21.135.10.163
Stanwood,Qingzhou,99.8.244.101
Verile,Abashiri,121.89.2.228
Jacenta,Zvenigorod,230.34.87.211
Dorelle,Kiltamagh,252.39.156.21
Cullin,Strömsund,13.0.219.137
Boony,Liudu,219.168.34.254
Joela,Zihu,240.252.229.166
Tybi,Baturyn,122.173.161.240
Stanfield,Komi,9.218.30.183
Krissy,Mpumalanga,168.99.22.124
Maynard,Fernández,66.161.14.102
Hastie,Zhongshanmen,12.92.64.130
Violet,Narach,207.126.251.149
Dareen,Toyooka,244.146.138.151
Dalli,Stockholm,3.243.36.149
Paloma,Bingawan,215.151.16.161
Sawyer,Sarbīsheh,128.23.86.237
Kelley,Pendembu,64.203.5.30
Toddy,Chervonohryhorivka,228.81.59.75
Ainslee,Fès,105.159.168.77
Suzette,Menlou’ao,179.162.91.80
Salvatore,Banān,141.186.126.114
Ripley,Guoyuan,14.103.244.221
Lew,Bariri,88.207.32.41
Chaim,New Glasgow,131.113.119.48
Lucienne,Galle,179.205.17.63
Jordana,Jihuluntu Sumu,250.143.82.147
Brien,Souto,11.103.198.48
Sloane,Siqiao,247.209.11.79
Fowler,Dolno Palčište,36.81.175.75
Dixie,Cholet,62.46.34.154
Jennie,Kangān,151.52.254.116
Dorotea,Huangtan,161.211.183.149
Luke,Kandun,101.107.183.13
Torrin,Patabog,207.101.187.59
Hastie,Songmuping,91.232.166.201
Eliza,Aleksotas,203.38.144.40
Lavina,Elías,34.107.109.172
Giles,Sosnovka,15.50.187.211
Noe,Guanli,152.15.196.181
Tabbitha,Alfeizerão,210.29.100.37
Dacy,Hesheng,36.6.221.77
Rosabella,Leping,214.231.30.151
Marjory,Longar,122.118.127.16
Haven,Corral de Bustos,131.36.122.108
Dennis,Cagayan,155.188.214.101
Keriann,Novopokrovka,111.237.185.65
Marilyn,Khanino,81.216.33.150
Kilian,Erhe,209.213.156.55
Dixie,Calçada,174.3.17.211
Cornie,Dongting,78.121.242.6
Bevan,Töreboda,17.235.62.14
Rosalinda,Middelburg,43.66.199.126
Felipe,Tomari,35.63.205.43
Joceline,Paccha,158.217.142.1
Josephine,Stuttgart,42.214.136.212
Adelheid,Haodi,177.180.87.79
Lazarus,Lorient,178.231.57.73
Minnnie,Maxiao,5.119.11.55
Garrot,Ruilin,60.49.102.237
Laurens,Novyye Cherëmushki,77.153.213.255
Mame,Nuevo Arraiján,33.68.191.31
Eula,Parung,248.106.237.21
Hall,Siding,67.8.36.130
Daile,Siaya,104.158.162.129
Sky,Rokietnica,21.215.132.175
Orelie,Bendilwungu Lor,134.108.58.150
Terrance,Furukawa,231.166.238.161
Chiquita,Monte do Outeiro,180.33.164.228
Townie,Quellouno,157.139.92.150
Tristan,Houzhai,43.49.51.177
Max,Xixiang,231.46.217.189
Gabbey,Pudong,185.141.189.155
Cad,Tazemmourt,106.138.87.246
Cortie,Langzhong,132.71.237.169
Georas,Hakha,49.253.43.190
Jordon,Jipijapa,101.90.189.93
Burl,Kalaxilike,239.72.164.13
Allayne,Rostov-na-Donu,187.234.49.0
Jamie,Américo Brasiliense,232.8.201.185
Xaviera,Vagonoremont,57.201.177.251
Gayler,Nar'yan-Mar,225.226.236.76
Artair,Klirou,3.68.137.151
Dyana,Nelazskoye,193.135.28.60
Hurley,Irecê,18.112.8.242
Carri,Volgorechensk,200.151.66.90
Thia,Ponta Grossa,25.14.154.178
Andrey,Aral,56.126.160.137
Munroe,Emplak,142.87.52.17
Beverlie,Krajanbaturno,178.230.74.61
Cherye,Ishinomaki,40.208.200.109
Terrence,Gaoxing,92.108.163.59
Iseabal,Calauan,150.36.163.244
Duncan,Vojkovice,68.120.65.112
Eldredge,Kogota,177.57.105.44
George,Ilanskiy,93.173.56.22
Rudiger,Pehčevo,170.36.203.51
Natka,Gråbo,83.76.99.43
Tracey,Wielka Nieszawka,108.185.66.181
Thane,Kota Kinabalu,220.180.123.143
Anson,Skellefteå,234.167.169.75
Marja,Puerto Padre,126.124.72.47
Deeanne,Canoinhas,132.135.167.176
Melamie,Zhaoxian,23.123.120.2
Eartha,Barras,104.3.246.94
Gabbey,Hallstavik,247.15.242.170
Nelle,Krumvíř,61.1.199.235
Rocky,Mekarsari,146.197.223.160
Georgie,Waterloo,103.37.19.11
Wayland,Tambawel,114.20.236.150
Alexandre,Xiatang,144.103.189.92
Ulla,Krajan Satu,179.221.1.57
Ashlee,Somba,165.206.105.28
Andres,Zhuhong,115.96.172.126
Wilbert,Gornyak,110.218.233.31
Brina,Jiakexi,154.9.203.112
Poul,Karlovy Vary,235.161.145.160
Cornie,Tržič,62.251.161.204
Albert,Khulna,30.139.34.248
Tana,Saint-Jérôme,255.202.11.1
Gennifer,Gualeguay,113.245.15.52
Dot,Zhangqiang,152.161.110.180
Selina,Limoges,57.55.174.151
Richmond,Mafa,170.239.51.227
Olia,Skoura,179.31.102.243
Terrell,Fonte da Vaca,239.102.122.144
Patrick,Gunungputri,74.208.159.102
Link,Złotów,172.55.168.159
Keary,Fonte da Aldeia,118.110.52.89
Bradly,Duran,87.59.32.241
Jesus,Ciudad Bolívar,36.156.224.234
Waylen,Bueng Khong Long,141.62.154.78
Benedikta,Tuplice,34.192.58.241
Clareta,Jiaojie,106.5.242.19
Axe,Quinta de Valadares,229.15.54.165
Jillana,Fontvieille,160.229.227.136
Kin,Hongcheng,45.169.138.168
Eloisa,Cáchira,10.116.71.15
Phyllys,Beigang,226.149.7.107
Yancy,Camajuaní,150.86.213.62
Jesse,Weligama,154.181.179.66
Marlie,Pulap,241.208.27.194
Nonnah,Togur,20.242.6.139
Adina,Imeni Zhelyabova,153.121.178.63
Marven,Cibatuireng,83.98.19.68
Rozele,Älvdalen,192.49.230.160
Pamela,Montrouge,155.179.7.81
Arlan,Klwów,114.6.250.21
Ruggiero,Ciawi,216.186.70.183
Marlo,Chongjin,152.49.176.202
Torr,San Quintin,34.170.30.21
Felecia,Dallas,85.253.236.195
Gates,Pefkochóri,161.115.144.130
William,Cláudio,77.49.143.41
Berta,Gorē,0.126.219.190
Wernher,Bojawa,166.111.224.156
Adler,General Lavalle,157.119.249.74
Josias,Ipueiras,160.131.11.242
Tomasine,Cimadang,68.84.70.88
Cyril,Severnoye,14.113.27.25
Elaina,Gogosuket,70.145.108.55
Modestine,Желино,47.38.76.33
Sofia,Reshetnikovo,243.50.105.216
Sutton,Daniwato,80.214.241.134
Ferdinand,Jarry,137.189.65.208
Adams,Nowa Ruda,131.121.233.50
Penny,Caen,135.43.151.28
Leicester,Caimitillo,200.152.4.64
Drud,Phra Yuen,185.84.119.114
Francisca,Damnoen Saduak,195.99.184.184
Kathye,Jiading,186.78.150.33
Esteban,Khisarya,81.148.68.19
Letty,Stronie,17.197.249.81
Tani,Arbuzynka,56.41.182.40
Garwin,Tučepi,85.115.81.144
Rozalie,Puerto Bello,144.196.170.115
Alejandra,Pleven,59.120.134.47
Alina,Partang,129.53.57.1
Jenica,Dinahican,117.87.77.225
Deloris,Hengtanggang,238.253.23.221
Kerianne,Oyonnax,225.83.37.170
Trude,Kadyy,45.20.173.2
Emmery,Yangjiapo,178.160.192.213
Janean,Gaomi,6.38.137.221
Timoteo,Cankuzo,85.252.188.179
Marylinda,Marne-la-Vallée,36.33.106.132
Vidovic,Clarence-Rockland,199.124.27.57
Lynette,Santo Domingo,219.170.250.45
Jordain,Donegal,32.184.15.104
Chiquita,Bandar-e Lengeh,98.217.32.51
Raviv,Piranshahr,185.43.109.229
Mariam,Nowe Grocholice,176.114.77.91
Bill,Vohibinany,154.229.46.60
Cherilyn,Dimitrov,54.80.173.60
Madelyn,Xianghuaqiao,43.140.121.104
Madelyn,San Miguel,109.146.250.168
Quintus,Seixas,37.199.174.160
Graham,Santo Antônio de Jesus,193.91.204.129
Rube,Dārāb,241.27.204.140
Leon,Wulan Haye,245.162.151.215
Chris,Palkovice,170.63.120.117
Rachael,El Paso,20.217.237.132
Natalie,Kudang,237.186.82.207
Jacquelin,Tokār,46.50.234.236
Andros,Dingtou,190.66.129.104
Lorry,Apopa,219.231.165.149
Lise,Santa Marta de Penaguião,183.56.172.195
Douglas,Frýdlant,149.12.192.10
Petronilla,Prior Velho,244.193.144.179
Marigold,Tabasalu,5.37.206.77
Perry,Gongyi,230.203.210.53
Valentijn,Phanom Phrai,23.83.126.248
Colline,Ciheras,147.130.78.247
Ingeberg,Mineralni Bani,34.30.91.253
Birdie,Ágios Athanásios,204.3.22.49
Bobbee,Guiwu,19.81.184.127
Rhody,Halmstad,171.219.203.62
Nanette,Millet,88.14.100.201
Ceil,Bourges,61.109.87.66
Astrix,Libuganon,127.142.200.183
Con,Kigali,243.93.37.129
Steffen,Fairview,154.195.106.192
Fallon,Huangtan,165.79.7.99
Elyse,Zbrosławice,8.111.212.85
Marcelline,Shaping,89.243.13.76
Olenolin,Dailekh,52.28.37.191
Fidela,Hisings Kärra,146.128.167.109
Maisey,Springfield,67.12.5.196
Ozzie,Longka,63.255.13.115
Robby,Assis,85.67.79.74
Celestyna,Toledo,191.9.166.173
Nancee,Tambaksari,8.203.129.168
Durand,Pingshui,140.219.123.156
Lazare,Masindi,99.15.155.190
Noelle,Bulihan,158.79.134.198
Matthew,Máncora,218.8.119.181
Paulie,Musawa,230.121.249.133
Zora,Sembon,181.15.229.67
Edythe,Licheng,156.23.47.104
Tessy,San Vicente,140.42.184.172
Sarajane,Puqi,61.210.219.241
Odie,Udachny,84.133.105.6
Herminia,Pueai Noi,132.230.28.7
Benjamin,Arkhaía Kórinthos,235.187.109.212
Del,Uren’,156.99.224.174
Alasteir,Liangkou,7.78.36.254
Andrus,Cachan,191.174.143.120
Rosy,Pailou,73.187.229.238
Brennen,Boston,103.235.103.85
Lanni,Garhi Yāsīn,9.249.63.237
Tyler,Boljoon,166.48.15.253
Walton,Isawa,191.132.153.75
Rafferty,Gibsons,95.230.187.68
Jackquelin,Alicia,68.127.240.29
Kaine,Karlstad,212.167.185.249
Bernette,Fukushima-shi,167.74.122.84
Gayla,Warugunung,230.5.98.229
Trista,Cakungsari,80.230.76.15
Tiffanie,Stuttgart,136.39.83.148
Luca,Cayenne,60.21.184.76
Shir,Monasterevin,200.56.55.220
Albie,Porteirinha,89.28.7.183
Bartel,Qianjin,199.27.42.190
Carlynne,Ruangwa,224.191.44.248
Dorie,Tha Yang,80.105.90.63
Trever,Reina Mercedes,5.88.103.121
Esta,Pélla,50.215.204.166
Jaquenetta,Ginatilan,74.59.132.229
Fifine,Easington,160.81.195.132
Krystalle,Magugu,188.135.52.14
Jeni,Thị Trấn Mường Tè,232.213.228.246
Blaine,Huaiya,235.6.19.168
Karla,Mannheim,238.40.99.60
Martynne,Qingxi,103.122.27.117
Helli,Sumberagung,223.76.105.123
Nannie,Yaozhuang,194.184.203.134
Crista,Lunel,25.79.223.236
Emmalynn,Zengtian,177.228.84.71
Kaitlin,Viseu,202.68.219.182
Brit,São Brás de Alportel,37.67.229.61
Rainer,Vratsa,14.71.46.15
Gonzalo,Monte Caseros,162.56.16.30
Minda,Sutysky,50.83.111.138
Dagny,Estancia,119.47.226.152
Kennett,Svilengrad,91.133.13.170
Fanny,Bovec,69.131.95.235
Heriberto,Pili,38.130.181.202
Sim,Klyetsk,130.229.30.181
Irene,Staryy Krym,43.119.73.126
Albrecht,Ntoum,16.170.89.67
Melissa,Qitan,25.15.39.35
Lucas,Chemerivtsi,206.194.21.41
